-- заполнение таблиц
insert into school_db.subjects (id, title, description)
VALUES ('1', 'Рисование', 'Рисование'),
       ('2', 'Изобр. искусство', 'Изобразительное искусство'),
       ('3', 'Лепка', 'Лепка руками'),
       ('4', 'Композиция', 'Композиция'),
       ('5', 'История искусства', 'История изобразительного искусства');

insert into school_db.teachers (id, name, secondName, lastName, dateOfBirth, gender, telephoneNumber)
VALUES ('1', 'Иван', 'Петрович', 'Дудкин','1999-01-08', 'М', '+375291526258'),
       ('2', 'Кристина', 'Александровна', 'Жук','1994-08-03', 'Ж', '+375297522222'),
       ('3', 'Сергей', 'Евгеньевич', 'Иванов','1991-05-20', 'М', '+375297286594'),
       ('4', 'Анна', 'Евгеньевна', 'Иванова','1997-10-28', 'Ж', '+375297286587'),
       ('5', 'Константин', 'Владимирович', 'Яндовский','1999-06-02', 'М', '+375295599594');

insert into school_db.students (id, name, lastName, dateOfBirth, gender, telephoneNumber)
VALUES ('1', 'Сергей', 'Куликов','2005-10-08', 'М', '+375291116258'),
       ('2', 'Виктория', 'Калинина','2006-11-03', 'Ж', '+375297772222'),
       ('3', 'Александр', 'Малышко','2005-12-20', 'М', '+375297236584'),
       ('4', 'Елена', 'Иванова','2007-03-18', 'Ж', '+375296588587'),
       ('5', 'Ярослав', 'Яковчиц','2006-09-15', 'М', '+375295562584'),
       ('6', 'Александр', 'Кравцов','2005-12-25', 'М', '+375297266584'),
       ('7', 'Анастасия', 'Васильева','2004-03-18', 'Ж', '+375296586587'),
       ('8', 'Даниил', 'Корсунский','2008-11-14', 'М', '+375296512584'),
       ('9', 'Ирина', 'Бондаренко','2005-03-18', 'Ж', '+375296586587'),
       ('10', 'Егор', 'Мурин','2006-04-01', 'М', '+375296525784');

insert into school_db.lessons (id, startDateTime, duration, subject_id, teacher_id)
VALUES ('1', '2023-01-05 10:00:00', '90','1', '1'),
       ('2', '2023-01-06 12:00:00', '45','2', '2'),
       ('3', '2023-01-07 09:00:00', '135','3', '3'),
       ('4', '2023-01-08 14:00:00', '60','4', '4'),
       ('5', '2023-01-09 18:00:00', '30','5', '5'),

       ('6', '2023-01-12 10:00:00', '90','1', '1'),
       ('7', '2023-01-13 12:00:00', '45','2', '2'),
       ('8', '2023-01-14 09:00:00', '135','3', '3'),
       ('9', '2023-01-15 14:00:00', '60','4', '4'),
       ('10', '2023-01-16 18:00:00', '30','5', '5');

insert into school_db.student_lesson (id, student_id, lesson_id)
VALUES ('1', '1', '1'),
       ('2', '2', '2'),
       ('3', '3', '3'),
       ('4', '4', '4'),
       ('5', '5', '5'),
       ('6', '6', '1'),
       ('7', '7', '2'),
       ('8', '8', '3'),
       ('9', '9', '4'),
       ('10', '10', '5'),

       ('11', '1', '3'),
       ('12', '2', '4'),
       ('13', '3', '5'),
       ('14', '4', '1'),
       ('15', '5', '2'),
       ('16', '6', '3'),
       ('17', '7', '4'),
       ('18', '8', '5'),
       ('19', '9', '1'),
       ('20', '10', '2');
